[{"id":"user-image-1119112622-0.jpeg","publicUrl":"np://user.desktop.nicepage.com/Site_202036876/images/1119112622-0.jpeg","size":415854,"hash":"Zje5Hjh+Q5G/mXkzWYzz+LnlDf4=","fileName":"1119112622-0.jpeg","name":"1119112622-0","width":1553,"height":1000,"thumbnail":{"url":"np://user.desktop.nicepage.com/Site_202036876/images/thumbnails/1119112622-0.jpeg","width":250,"height":161},"folderId":null,"usages":["1119112622"]},{"id":"user-image-1786971.png","publicUrl":"np://user.desktop.nicepage.com/Site_202036876/images/1786971.png","size":4604,"hash":"RdTeA4Gz4TMMvFnNiK2K8GFCicc=","fileName":"1786971.png","name":"1786971","width":128,"height":128,"thumbnail":{"url":"np://user.desktop.nicepage.com/Site_202036876/images/thumbnails/1786971.png","width":128,"height":128,"length":4604,"type":"png"},"folderId":null,"originalUrl":"https://assets.nicepagecdn.com/d2cc3eaa/499805/images/1786971.png","usages":[]},{"id":"user-image-1184787.png","publicUrl":"np://user.desktop.nicepage.com/Site_202036876/images/1184787.png","size":4663,"hash":"RAeJEMpF840JV0xFcsMOLyzOEpc=","fileName":"1184787.png","name":"1184787","width":128,"height":128,"thumbnail":{"url":"np://user.desktop.nicepage.com/Site_202036876/images/thumbnails/1184787.png","width":128,"height":128,"length":4663,"type":"png"},"folderId":null,"originalUrl":"https://assets.nicepagecdn.com/d2cc3eaa/499805/images/1184787.png","usages":["1119112622"]},{"id":"user-image-two-happy-men-working-together-new4.jpg","publicUrl":"np://user.desktop.nicepage.com/Site_202036876/images/two-happy-men-working-together-new4.jpg","size":218543,"hash":"OiuUDbr9gWLwBAuSXXXj+aFmqkQ=","fileName":"two-happy-men-working-together-new4.jpg","name":"two-happy-men-working-together-new4","width":1000,"height":1000,"thumbnail":{"url":"np://user.desktop.nicepage.com/Site_202036876/images/thumbnails/two-happy-men-working-together-new4.jpg","width":250,"height":250},"folderId":null,"originalUrl":"https://assets.nicepagecdn.com/d2cc3eaa/499805/images/two-happy-men-working-together-new4.jpg","usages":["1119112622"]},{"id":"user-image-group-people-working-4.jpg","publicUrl":"np://user.desktop.nicepage.com/Site_202036876/images/group-people-working-4.jpg","size":218885,"hash":"uNmFVc/jVkfrywwKpBl8LvUjdeg=","fileName":"group-people-working-4.jpg","name":"group-people-working-4","width":900,"height":910,"thumbnail":{"url":"np://user.desktop.nicepage.com/Site_202036876/images/thumbnails/group-people-working-4.jpg","width":247,"height":250},"folderId":null,"originalUrl":"https://assets.nicepagecdn.com/d2cc3eaa/499805/images/group-people-working-4.jpg","usages":["1119112622"]}]