[{"id":38606356,"status":2,"title":"Blog Template","order":1,"templateKey":"blog","customTemplate":false,"customTemplateFilename":null,"pageLinks":[],"dateCreated":"2023-08-23T13:15:52.944Z","dateUpdated":"2023-08-23T13:15:54.574Z","folderId":null,"pageName":"Blog Template"},{"id":213096177,"status":2,"title":"Post Template","order":2,"templateKey":"post","customTemplate":false,"customTemplateFilename":null,"pageLinks":[],"dateCreated":"2023-08-23T13:15:53.110Z","dateUpdated":"2023-08-23T13:15:54.598Z","folderId":null,"pageName":"Post Template"},{"id":167907418,"status":2,"title":"Product List Template","order":3,"templateKey":"products","customTemplate":false,"customTemplateFilename":null,"pageLinks":[],"dateCreated":"2023-08-23T13:15:53.270Z","dateUpdated":"2023-08-23T13:15:54.617Z","folderId":null,"pageName":"Product List Template"},{"id":63812555,"status":2,"title":"Product Details Template","order":4,"templateKey":"product","customTemplate":false,"customTemplateFilename":null,"pageLinks":[],"dateCreated":"2023-08-23T13:15:53.454Z","dateUpdated":"2023-08-23T13:15:54.635Z","folderId":null,"pageName":"Product Details Template"},{"id":235150335,"status":2,"title":"Shopping Cart Template","order":5,"templateKey":"cart","customTemplate":false,"customTemplateFilename":null,"pageLinks":[],"dateCreated":"2023-08-23T13:15:53.616Z","dateUpdated":"2023-08-23T13:15:54.655Z","folderId":null,"pageName":"Shopping Cart Template"},{"id":781414478,"status":2,"title":"Checkout Template","order":6,"templateKey":"checkout","customTemplate":false,"customTemplateFilename":null,"pageLinks":[],"dateCreated":"2023-08-23T13:15:53.908Z","dateUpdated":"2023-08-23T13:15:54.676Z","folderId":null,"pageName":"Checkout Template"},{"id":19614628,"status":2,"title":"Login Template","order":7,"templateKey":"login","customTemplate":false,"customTemplateFilename":null,"pageLinks":[],"dateCreated":"2023-08-23T13:15:54.034Z","dateUpdated":"2023-08-23T13:15:54.698Z","folderId":null,"pageName":"Login Template"},{"id":2694522966,"status":2,"title":"Page Password Template","order":8,"templateKey":"password","customTemplate":false,"customTemplateFilename":null,"pageLinks":[],"dateCreated":"2023-08-23T13:15:54.128Z","dateUpdated":"2023-08-23T13:15:54.724Z","folderId":null,"pageName":"Page Password Template"},{"id":72538704,"status":2,"title":"404 Not Found Template","order":9,"templateKey":"404","customTemplate":false,"customTemplateFilename":null,"pageLinks":[],"dateCreated":"2023-08-23T13:15:54.216Z","dateUpdated":"2023-08-23T13:15:54.742Z","folderId":null,"pageName":"404 Not Found Template"},{"id":288298399,"status":2,"title":"Про нас","order":100,"templateKey":null,"customTemplate":false,"customTemplateFilename":null,"pageLinks":[],"dateCreated":"2023-08-23T13:15:54.288Z","dateUpdated":"2023-08-23T13:15:54.761Z","folderId":null,"pageName":"Про нас_288298399"},{"id":361315633,"status":2,"title":"Контакти","order":101,"templateKey":null,"customTemplate":false,"customTemplateFilename":null,"pageLinks":[],"dateCreated":"2023-08-23T13:15:54.336Z","dateUpdated":"2023-08-23T13:17:38.181Z","folderId":null,"pageName":"Контакти_361315633"},{"id":1119112622,"status":2,"title":"Сторінка 1","order":102,"templateKey":null,"customTemplate":false,"customTemplateFilename":null,"pageLinks":[],"dateCreated":"2023-08-23T13:19:50.533Z","dateUpdated":"2023-08-23T15:12:35.716Z","folderId":null,"pageName":"Сторінка 1_1119112622"}]